indice,y_true,y_pred,subgrupo
899,8688.85885,8096.2394981617235,northeast
1063,5708.867,5748.9715841980305,southwest
1255,11436.73815,14204.380482936082,northwest
298,38746.3551,31733.153677341532,northwest
237,4463.2051,8956.165025676179,southeast
481,9304.7019,13085.219965258077,southeast
240,38511.6283,30445.183663065312,northeast
277,2150.469,1516.2520373811276,southwest
415,7345.7266,10511.81675250801,southeast
706,10264.4421,11215.62699445339,northwest
370,13415.0381,10161.920055550469,northwest
331,24393.6224,33045.37126240134,northwest
1248,37607.5277,31125.279905798343,northeast
894,13063.883,17412.207172395385,southwest
636,24915.04626,10748.674587288668,northeast
497,8027.968,9595.092742294524,southwest
210,1980.07,4325.554091573176,southwest
49,38709.176,31727.265726481477,southeast
736,3484.331,3329.6502793824693,southwest
76,3947.4131,5134.231334404629,southeast
613,1880.07,3500.2975920119206,southeast
826,20773.62775,30302.928631141913,northeast
649,9800.8882,14771.58704684932,southeast
514,21082.16,30567.297391958644,southwest
818,55135.40209,31039.45333837895,northwest
51,3579.8287,5440.054638480604,northwest
1322,43896.3763,35409.02453999142,southeast
1145,52590.82939,36637.460119597396,southwest
365,9778.3472,11302.787849669086,northeast
390,10736.87075,14166.648403588864,northeast
485,4347.02335,6457.663345576822,northeast
1139,9048.0273,12664.122118698688,southeast
1022,1711.0268,397.7703880608533,southeast
233,12333.828,12116.06323609742,southwest
543,63770.42801,39565.42265175625,southeast
845,9872.701,12333.612343670442,southwest
32,4687.797,4787.42868715055,southwest
1118,5693.4305,3770.697495066468,northwest
792,21195.818,30770.041260605667,southeast
538,8233.0975,8805.883991543593,southeast
78,2755.02095,7062.7867377329785,northeast
895,19798.05455,30000.176666433406,northeast
312,42124.5153,34740.13163450476,southeast
1202,9964.06,12258.457276175279,northeast
560,9193.8385,7167.875191895762,northwest
1042,3161.454,3469.4198139194923,southwest
727,2217.6012,6235.100792896801,northeast
1262,7337.748,8989.605872645996,southwest
63,4133.64165,4156.125376128619,northwest
1142,6338.0756,8971.149036320796,southeast
303,4349.462,6510.613886986055,southeast
1066,5757.41345,12122.995474752308,northeast
1187,21771.3423,31156.07915210764,northeast
374,1391.5287,3582.9762623133392,southeast
945,7160.094,11143.419608999413,southwest
184,7731.4271,9666.019271832089,southeast
1008,9957.7216,10791.757525515182,northeast
1047,3594.17085,2320.7501864860933,northwest
1117,38282.7495,31168.819925023286,southeast
567,7256.7231,9341.126574211425,northwest
344,10977.2063,15431.778938680523,southeast
918,5245.2269,8090.9305192893735,southeast
553,11187.6567,12427.550301062589,northwest
1295,1708.92575,1658.7562420772738,northeast
1331,11411.685,17005.38025583802,southwest
852,11729.6795,10546.78388155517,northeast
44,6079.6715,10599.75121764058,northeast
1302,37829.7242,30862.251241116974,southwest
296,16297.846,24947.28375972111,southwest
573,31620.00106,16444.905816021517,northeast
1132,9991.03765,7069.737826250963,northwest
471,2203.47185,2965.582598716999,northeast
1223,6858.4796,7118.339811140255,northeast
428,3167.45585,-52.25031877036963,northeast
1085,10796.35025,11644.764898225105,northeast
1128,1728.897,-1052.4730275914444,southwest
493,12574.049,17195.756288285866,southwest
346,4889.9995,8597.256649199337,southeast
621,9182.17,7694.162359345108,southwest
115,30259.99556,12748.12388008252,northeast
982,16796.41194,5849.1059313102505,northeast
438,12592.5345,18390.104215768726,southeast
785,12741.16745,15437.073422959365,northeast
643,18806.14547,10906.900911206105,southeast
244,29523.1656,36328.186382741085,northeast
532,12925.886,13024.34291972868,southeast
101,3645.0894,4386.26403502916,northeast
270,1719.4363,2343.720715142783,southeast
712,1984.4533,6762.982792127132,northeast
479,1824.2854,4070.660233695824,southeast
435,13919.8229,14890.959056741744,southeast
1313,18765.87545,28058.64529692554,northwest
1244,5615.369,5586.943608982872,southwest
839,1526.312,3434.855009056824,southwest
65,1743.214,2260.467198680264,southwest
741,43254.41795,35900.82278773382,northeast
701,9504.3103,14290.018118236476,southeast
339,8232.6388,8699.741246430032,southeast
1096,1674.6323,4214.733506896391,southeast
739,8604.48365,8654.05420343274,northeast
208,13880.949,13978.375634446937,southwest
677,12363.547,15196.239083293352,southwest
58,23244.7902,31955.05278472296,southeast
720,11264.541,14621.71104772705,southwest
558,39983.42595,32645.416186600687,northwest
746,1627.28245,57.44442131189862,northwest
23,37701.8768,31088.965158544583,northeast
494,17942.106,26892.99189432332,southwest
861,12269.68865,13743.469329012998,northwest
964,4746.344,6104.6023500528645,southwest
43,6313.759,8009.046716171353,southeast
575,12222.8983,11382.169346449813,northwest
596,5594.8455,8420.4983313727,northeast
997,6551.7501,10202.56333017787,northeast
887,1682.597,6381.78713143598,southwest
247,1986.9334,5377.2044770472385,southeast
1298,2710.82855,1888.9617565754197,northwest
1243,1135.9407,3092.7426778817025,southeast
358,1837.2819,7078.038011913344,southeast
710,10107.2206,8860.424622478677,southeast
1030,44423.803,35883.25787477037,southeast
353,12404.8791,8268.907626634738,northeast
239,7152.6714,11511.84960074446,southeast
777,5934.3798,9152.229316762676,southeast
986,28340.18885,8873.123250295064,northwest
1308,6875.961,9740.38196099931,southwest
413,5080.096,4722.935359470495,southwest
917,13041.921,12330.221194231013,southwest
377,38126.2465,29853.314417971258,southeast
175,48824.45,38972.333513652266,southwest
1336,29141.3603,35824.89887365339,northwest
81,7935.29115,12211.573041810094,northeast
192,2137.6536,2367.277085780559,southeast
1134,11085.5868,11300.870392648838,northwest
536,5972.378,10482.622047196124,southwest
1094,4561.1885,5461.577695682623,northeast
628,42983.4585,34835.76286574802,northwest
411,19594.80965,29781.714969636265,northeast
772,17748.5062,25468.88111097819,northwest
914,2473.3341,4799.192996215874,southeast
163,5152.134,6785.847668679562,southwest
904,4564.19145,5731.448935247785,northeast
549,45863.205,36479.947871965865,southeast
979,25517.11363,10793.758026832587,northeast
780,1146.7966,5604.787645569282,southeast
196,5649.715,8417.217303429605,southwest
626,11326.71487,10230.801487884588,southeast
912,7626.993,8462.77542767229,southwest
614,42969.8527,34906.96641115971,southeast
893,13555.0049,14368.938522314647,northeast
610,6571.544,9864.771832785978,southwest
1237,6985.50695,6790.023417054128,northeast
361,4751.07,7198.194269404692,southwest
767,14319.031,16764.48541574494,southwest
1220,6593.5083,6845.744521000446,southeast
617,34439.8559,26386.815969281703,southeast
859,46113.511,36832.96122669538,southwest
286,9432.9253,16653.36500623163,northeast
651,8280.6227,9762.092218411324,southeast
316,8835.26495,11017.251908598317,northwest
561,10923.9332,12614.805728232755,northeast
862,5458.04645,4077.610419616505,northeast
764,11842.62375,12634.308549699508,northwest
718,12231.6136,13398.881503607445,northwest
86,43578.9394,35516.66909050932,northwest
123,39556.4945,33333.33153705811,northeast
774,10560.4917,12755.669756875084,southeast
261,17085.2676,25139.91158296368,southeast
579,3206.49135,2542.463007848419,northeast
585,3861.20965,2073.692376660154,northeast
1323,4239.89265,4868.011677963932,northwest
599,1633.0444,4991.395249700065,southeast
1031,4137.5227,5204.190474782186,northeast
752,11833.7823,9524.310597692658,southeast
711,8310.83915,9885.38047826062,northwest
128,32734.1863,26129.700724797425,northwest
363,2597.779,2471.280056329939,southwest
1279,8283.6807,10469.710519168388,southeast
590,8428.0693,6742.611951453971,northwest
644,10141.1362,12083.588939888716,northeast
850,14119.62,14793.474825025323,northwest
174,2855.43755,5034.354323464209,northwest
289,25992.82104,10771.78890170615,southeast
350,11830.6072,9853.690272406408,northwest
666,40003.33225,32918.521741780125,northwest
1054,10594.50155,10776.136119017308,northwest
816,3597.596,7429.029622333657,southwest
1091,3591.48,6013.79302081953,southwest
898,2117.33885,325.3584545673875,northwest
29,38711.0,31704.21149015431,southwest
554,17878.90068,8287.037031267133,northeast
1175,23887.6627,32554.613992453043,northwest
221,10564.8845,12553.02640484945,northeast
1074,4562.8421,5869.581711052084,southeast
31,2198.18985,1743.3328065002497,northeast
807,1131.5066,2066.696141783963,southeast
422,39125.33225,32811.20804027612,northeast
306,20177.67113,5065.597730842994,southwest
231,14001.2867,12971.02241752111,southeast
462,15230.32405,17366.827977115754,northeast
259,33750.2918,26423.216869939446,northwest
70,16577.7795,25658.800764131403,southeast
978,4889.0368,6431.50064640512,southeast
382,20781.48892,12055.921244753414,southeast
948,19933.458,28635.346813212003,southwest
220,5012.471,8005.804534920382,southwest
309,7749.1564,10159.053013964452,northwest
597,7441.501,10359.273418295867,southwest
874,2690.1138,3108.6440669503645,northwest
1110,41949.2441,34292.92780425845,southeast
1170,22478.6,31581.28812279817,southwest
1292,9301.89355,9533.033028837957,northwest
584,4779.6023,5690.127522813662,southeast
1318,7201.70085,7499.326048348088,northwest
48,12629.8967,10580.638822729947,southeast
354,14133.03775,4708.347929397241,southeast
113,2404.7338,5062.910066952223,northwest
155,6948.7008,11899.38200532065,northwest
743,8827.2099,9153.320975467775,northwest
1149,2203.73595,3026.695088327837,northeast
548,3213.62205,4192.500227341026,northeast
265,46151.1245,37527.57508334771,southeast
673,46200.9851,37031.44740563436,southeast
398,14988.432,13255.213279691932,southwest
1326,9377.9047,10644.8603484919,southeast
420,46889.2612,37641.273949446346,southeast
254,41097.16175,34432.12253575632,northeast
198,9644.2525,6732.95229961889,northwest
622,34617.84065,27138.397591347675,northeast
451,4032.2407,4042.3262344451596,northwest
1321,12981.3457,15646.92728727036,southeast
322,35491.64,29621.134157661516,southwest
107,3877.30425,5756.0434253904095,northwest
1148,5979.731,9547.241692075911,southwest
949,11534.87265,8712.699064449844,northeast
1055,8277.523,9368.854172938989,southwest
1073,13204.28565,9471.51351590944,northeast
1334,1629.8335,4248.396033905148,southeast
1270,3021.80915,5646.146053345054,northwest
218,3392.9768,4505.023702870734,southeast
879,3443.064,6444.130061144544,southwest
1234,2699.56835,4767.773957753658,northwest
291,20277.80751,6010.312992875559,northeast
351,8932.084,8797.66030623503,southwest
464,1632.03625,1157.4692343069728,northwest
715,9566.9909,8234.109444471145,northwest
868,4391.652,3825.675349899968,southwest
243,7196.867,11017.054662110422,southwest
427,7323.734819,2660.0201506628146,northeast
985,8410.04685,10203.269913239761,northwest
168,2719.27975,3844.5614241222174,northwest
615,11658.11505,11791.120786031386,northeast
714,12146.971,12286.791604716665,southwest
56,13607.36875,14369.648651094849,northeast
1229,60021.39897,36911.162558679134,northwest
1032,13747.87235,23288.31074586492,northeast
371,12029.2867,9988.969176284152,northeast
707,6113.23105,7848.398812615695,northeast
54,8059.6791,9033.03993932317,northwest
924,25333.33284,12476.91897297242,northeast
1185,37465.34375,29434.100145437977,northwest
109,47055.5321,37785.34722264692,southeast
638,12949.1554,14612.08744169153,southeast
534,13831.1152,16667.874597269794,southeast
542,13887.204,15101.747108427695,southeast
759,3925.7582,6431.575230682538,northeast
1283,47403.88,38533.02427800506,southwest
1284,8534.6718,8210.038639845183,northeast
1113,2396.0959,2364.8840414642473,northeast
967,3279.86855,3321.263596750643,northeast
598,33471.97189,14291.481234193128,northwest
170,13405.3903,16741.186040394656,southeast
275,9715.841,9992.770472422822,northeast
1140,7954.517,10417.194887300166,southwest
209,6610.1097,12434.459573510638,northeast
342,13217.0945,12435.469262035054,northeast
140,27375.90478,5438.313327366624,northeast
926,12032.326,9269.123078476889,southwest
1285,3732.6251,1291.6574721436555,northeast
199,14901.5167,17204.910786770244,northeast
901,4661.28635,5560.438453340228,northeast
1189,5327.40025,7616.216357390014,northwest
522,9866.30485,12276.686534055745,northeast
10,2721.3208,3405.1300323934192,northeast
147,9877.6077,13144.988475953765,southeast
1329,12629.1656,11283.860468746469,southeast
282,4237.12655,5613.748644177584,northeast
984,7624.63,7915.979467996376,southwest
660,22192.43711,10193.07484951702,southeast
858,10965.446,11294.125482339372,southwest
1239,47269.854,38296.68028282955,southeast
903,12644.589,14304.45270893508,southwest
513,1256.299,2719.470147111577,southwest
410,1621.3402,-1317.5865949319414,northwest
297,21978.6769,31274.649002486538,southeast
394,9411.005,11581.028368532125,northeast
135,2155.6815,2398.3899997401604,southeast
682,9863.4718,9216.433966396018,northwest
447,11454.0215,10403.035845131473,northwest
581,6356.2707,13181.47792582533,southeast
529,1708.0014,1444.862528439342,northeast
490,1748.774,3547.0459273294728,southwest
1061,48970.2476,39275.521359489365,southeast
158,36950.2567,29838.01673967633,southeast
1157,2459.7201,3608.59740717573,northeast
1241,4296.2712,2237.550584615783,northwest
1160,5124.1887,10894.466513610641,southeast
352,3554.203,4570.778294459502,southwest
824,16069.08475,15840.349404389759,northeast
506,2643.2685,4403.666501930436,northwest
1310,4571.41305,5101.468317027266,northwest
919,13451.122,11546.075003527465,southwest
849,37270.1512,30932.949618903218,northeast
96,12105.32,13024.752758213657,southwest
380,15006.57945,25406.070605261106,northeast
425,9788.8659,9433.115927723802,southeast
1037,2250.8352,3525.354510297686,northeast
1193,4134.08245,3022.310002713857,northwest
156,21223.6758,30676.64658073788,southeast
486,12475.3513,10142.4004251328,northwest
900,48673.5588,38925.18534300568,southeast
857,18218.16139,5002.906126449834,southeast
1105,8988.15875,10062.249315864588,northwest
754,5031.26955,6383.556415017196,northeast
433,12638.195,12824.88717098849,southwest
461,22144.032,31324.75274965822,southwest
1097,23045.56616,11544.003492498163,northeast
1226,7162.0122,11263.259674633791,southeast
923,6250.435,6286.431448722637,southwest
308,11944.59435,14274.602452808518,northeast
1013,5383.536,6499.5481639698155,southwest
668,6500.2359,7901.277878854333,southeast
1108,8605.3615,7110.021029113497,southeast
787,5209.57885,4767.976589716745,northeast
1191,13019.16105,14028.295141303566,northeast
